{
  "bleu": 0.299704781263861,
  "brevity_penalty": 1.0,
  "length_ratio": 1.0170556552962298,
  "precisions": [
    0.5851721094439541,
    0.3610341643582641,
    0.23910939012584706,
    0.15971515768056968
  ],
  "reference_length": 1114,
  "translation_length": 1133
}