{
  "bleu": 0.40915602325977035,
  "brevity_penalty": 0.9968178228964187,
  "length_ratio": 0.9968228752978554,
  "precisions": [
    0.6661354581673307,
    0.46721991701244814,
    0.3463203463203463,
    0.26334841628959277
  ],
  "reference_length": 1259,
  "translation_length": 1255
}