{
  "bleu": 0.15306344898181096,
  "brevity_penalty": 1.0,
  "length_ratio": 1.028349082823791,
  "precisions": [
    0.4556756756756757,
    0.1988888888888889,
    0.104,
    0.05823529411764706
  ],
  "reference_length": 1799,
  "translation_length": 1850
}