{
  "bleu": 0.29065022749373826,
  "brevity_penalty": 1.0,
  "length_ratio": 1.0701320132013201,
  "precisions": [
    0.5304548959136469,
    0.3373397435897436,
    0.23519599666388658,
    0.16956521739130434
  ],
  "reference_length": 1212,
  "translation_length": 1297
}