{
  "bleu": 0.17496033316057372,
  "brevity_penalty": 1.0,
  "length_ratio": 1.1455696202531647,
  "precisions": [
    0.44751381215469616,
    0.21446179129005752,
    0.12253641816623821,
    0.07967770814682185
  ],
  "reference_length": 1106,
  "translation_length": 1267
}