{
  "bleu": 0.13551383425388006,
  "brevity_penalty": 1.0,
  "length_ratio": 1.4168618266978923,
  "precisions": [
    0.32975206611570246,
    0.1541095890410959,
    0.09591474245115453,
    0.06918819188191883
  ],
  "reference_length": 854,
  "translation_length": 1210
}